CLONED	midnight-verifiable-credential-digital-passport	cdeb860bc426590adeca3f39dc8d8efc8a62638f
PRESERVED_CLONED	midnight-docs	7cd3bc1681699b41d5a856f7ab2efd9892c27166
CLONED	midnight-passport-sdk	5dff89f62151de5ed91f88ef036c48899186a0e7
CLONED	midnight-wallet-dapp	0e6fdf9f3d7ee43d3ec4ef895ec2a79f4eaf50c7
CLONED	example-nft-contracts	212223d340ba6e4655ce40aa89725f156d69403e
CLONED	midnight-tip-jar	5008eb8aa786f09aadc594ff5fc8baff3cc3be74
CLONED	example-zkloan	eff9030d509f98938914c1b2b721acb88fc1e42c
CLONED	midnight-sdk	f5404d29d9fb5b2c37e494e47734cbeb76bd080d
CLONED	midnight-cnight-to-dust-dapp	3a8d8c16e628f204144616aff0863670004fc3d9
CLONED	midnight-did-resolver	49912b214a985d582d2964f8a620bb6b94e1e560
CLONED	example-bboard	38bfac8c574abb0c5a96c9e076779716c3e88231
PRESERVED_CLONED	k-rust	f6784f120aa8fe68d99c3b41631526fe594abdb4
CLONED	midnight-reserve-contracts	4aa85437f4c4077c8cbbf1d0386776e91870678f
CLONED	servicedesk	db43d690440b7cb41e99b38d81b03d01bcb178ff
CLONED	example-kitties	2854b0964136033022eaf7110900802fcfb6ef91
CLONED	example-hello-world	2aa2c7c6eb85069ca9c6383ef977910527080530
CLONED	passport	dcff0065b82ab5aeb5ab3a5e4eebf3587a96b583
CLONED	midnight-awesome-dapps	e37cf3a1b9704c0405db6baa4b19f583943f1df1
CLONED	midnight-did	438c3d331a4a87b2f4d52f01aa27d598194a080f
CLONED	passport-demo	18453a9e70bed4b8b9c7dd18b2ebc97ce3e980ec
PRESERVED_CLONED	midnight-ledger	3fa0d1d15a3cfabd41c806546a006b1ce406b7b2
CLONED	midnight-wallet	6e1050e5fcb6ac82b6c9fe8eabf4536e3f5807ca
PRESERVED_CLONED	midnight-node	658a8c52e18f0ba347a9f036f50e4f0141cc62a7
CLONED	midnight-js	98ab4ba7537f0a69b2188ebbe7f40aa2f4d6953f
CLONED	midnight-faucet-api	5468595850e624445555a81850710e1315225c01
PRESERVED_CLONED	midnight-zkir	7dff84a685cd8baed2e69a2b66ae63573fe5a575
CLONED	midnight-local-dev	902561ddc27a4b096f19835ab1528f38ace515f1
CLONED	midnight-verifiable-credentials	437cd6de3f4a86f312c895bf136f324fdd214d96
CLONED	example-battleship	c0af8e10b2673d9f034ec9db5213778d33cfbc4f
CLONED	midnight-leaderboard	69a2956df4a072a1d918531c44683001964a7daf
CLONED	midnight-improvement-proposals	e74fc44ac6bd07adfa8159926a78cdb0263efd1c
CLONED	midnight-expert	59f08faa86d1a59d739fba94c38d866496e2fe86
PRESERVED_CLONED	midnight-architecture	eabbedf33080b7ed033264e52c26c0dbb75bc57c
CLONED	midnight-indexer	9de7fd76c1fa4e741d2679bf737ed8c75991d027
CLONED	midnight-faucet-ui	c06a9563666e77506e8f005127f31ef08c696c9d
CLONED	midnight-dapp-connector-api	4392de7cd0f147659456e0830adcfad377adbdbb
CLONED	example-private-party	62ca6e7e35f9df725f7f77d280d294ac37f2aca7
CLONED	upload-sarif-github-action	362d0346b194663004cb371e8e8523bd1c910917
CLONED	rust-bip39	1a63bd457cf0643f7eee9b8768ce6ced13d01c18
CLONED	create-mn-app	bdc86733d2a9d2e381cb050aec4fdde7b33559b4
CLONED	substrate-telemetry	4c07632af506ab984b3bd8bf012473dfa9af32a6
CLONED	example-nix-nax	bf99f0d7dc2c8e499b9ec9ff71fe7801e3ecfe3a
PRESERVED_CLONED	compact-js	7117b03e8f6d12c4d1c375322f1b8854db6c7844
CLONED	midnight-node-docker	60ef78c7f4244803d1386aa59c544aa775eecd8f
CLONED	midnight-dust-generator	ac7c3fc1d8c9c652ba75e1ab0fe1e03ac59d9ff0
PRESERVED_CLONED	midnight-zk	695351f1cdb3909affd1c89fef0a5eb3e9fa3ab7
CLONED	midnight-template-repo	3b6911731a8bdb25ea98ed6f3cb3de833a6be3bf
CLONED	workflows	2a516da4425edff87dd8d080bfb1c4125866f727
CLONED	platform-js	5a20f685e6ff0f6cc3424002aa00601ffbab346d
PRESERVED_CLONED	compact	5e4946cca6abd8039e242ebcfc06be01391c35d6
CLONED	example-shielded-chips	c492c85fbe9a95f90a210453cb0f87f87c175f73
PRESERVED_CLONED	midnight-engineering	f00271747b279b32cb18ed6ec8545e82e3b127e1
CLONED	example-locker	b72a82d01df1817f90871fd4909b24ec78c1df7a
CLONED	dApp-idea-board	6ba7988c5917f573c1f6b2fe027d27cdfaa37a36
CLONED	midnight-trust-registry	9e46b27c19f4d3bb4f2a4d2ce46c69caee4ba03f
CLONED	setup-compact-action	a6d20c7416e9c1bcd27e6aafb6a50b30bff9831c
CLONED	renovate-config	5a65461c33f64f9ac40d9102956a8e3b70d6321a
CLONED	example-counter	273f083ab36a52407f16ec9a9796d902226e05d6
PRESERVED_CLONED	k-framework-ts	120e1dba90adb04f4730f90d8c0c516b30822811
CLONED	night-token-distribution	5d740a2050cd19206cfe0cefec6628a9d5b8119f
CLONED	whisky	bae4b2e34bff68fe0be328e1f8290f708b9e1172
CLONED	releases	3799247d424b8a1480735507b9388a83c0b56c2e
CLONED	partner-chains-smart-contracts	8d57492a9d9a8e3ccda4165bf2ec61f98aa9430c
CLONED	midnight-node-cli	a233981caad73de945036e4d80d888b593d36895
PRESERVED_CLONED	compact-tree-sitter	6693aff01384a8cf1d928d830f67978c441a2506
CLONED	parity-db	d44ef4fafd15ed8326e74b88f2558afaf458f7f6
PRESERVED_CLONED	compact-playground	f6f9cebe65acdd94a284f69f2b9afacd9f529aae
PRESERVED_CLONED	learn-compact	73d34a0afcfbfc0938cbd25dd19d1002655671c3
CLONED	partner-chains	ea4f8bdf9b894fbd4d9e7a9250e6485df3054106
CLONED	compact-zed	37447e0c4653424c40a005e6dd4aa2c50037cccf
CLONED	cquisitor-lib	9cbd642e1b4112a102b43b7f78f0f39467013d6b
CLONED	rust-yamux	5c19d4e744ffe9dab5d9eac662d88ae1f361dae1
CLONED	midnight-trusted-setup	3ea610263b228af24840f7b00661ee22360db6d8
CLONED	rs-merkle	7c997a58410ae9a23e0513d5eed6cfb410633dc8
CLONED	lfdt-project-proposals	8adeefb93325d7755cf8e244c160828b6a6ba150
CLONED	halo2	92d9356722f4e7943bec2dd5d2dcc5ebbedd4ff1
