FULL_HTML	midnight-verifiable-credential-digital-passport
FULL_HTML	midnight-docs
FULL_HTML	midnight-passport-sdk
FULL_HTML	midnight-wallet-dapp
FULL_HTML	example-nft-contracts
FULL_HTML	midnight-tip-jar
FULL_HTML	example-zkloan
FULL_HTML	midnight-sdk
FULL_HTML	midnight-cnight-to-dust-dapp
FULL_HTML	midnight-did-resolver
FULL_HTML	example-bboard
AGGREGATED_HTML	k-rust
FULL_HTML	midnight-reserve-contracts
FULL_HTML	servicedesk
FULL_HTML	example-kitties
FULL_HTML	example-hello-world
FULL_HTML	passport
FULL_HTML	midnight-awesome-dapps
FULL_HTML	midnight-did
AGGREGATED_HTML	passport-demo
AGGREGATED_HTML	midnight-ledger
AGGREGATED_HTML	midnight-wallet
AGGREGATED_HTML	midnight-node
AGGREGATED_HTML	midnight-js
FULL_HTML	midnight-faucet-api
FULL_HTML	midnight-zkir
FULL_HTML	midnight-local-dev
FULL_HTML	midnight-verifiable-credentials
FULL_HTML	example-battleship
FULL_HTML	midnight-leaderboard
FULL_HTML	midnight-improvement-proposals
FULL_HTML	midnight-expert
FULL_HTML	midnight-architecture
AGGREGATED_HTML	midnight-indexer
FULL_HTML	midnight-faucet-ui
FULL_HTML	midnight-dapp-connector-api
FULL_HTML	example-private-party
FULL_HTML	upload-sarif-github-action
FULL_HTML	rust-bip39
FULL_HTML	create-mn-app
FULL_HTML	substrate-telemetry
FULL_HTML	example-nix-nax
FULL_HTML	compact-js
FULL_HTML	midnight-node-docker
FULL_HTML	midnight-dust-generator
AGGREGATED_HTML	midnight-zk
FULL_HTML	midnight-template-repo
FULL_HTML	workflows
NO_GRAPH_CONTENT	platform-js
FULL_HTML	compact
FULL_HTML	example-shielded-chips
NO_GRAPH_CONTENT	midnight-engineering
FULL_HTML	example-locker
FULL_HTML	dApp-idea-board
NO_GRAPH_CONTENT	midnight-trust-registry
FULL_HTML	setup-compact-action
FULL_HTML	renovate-config
FULL_HTML	example-counter
AGGREGATED_HTML	k-framework-ts
FULL_HTML	night-token-distribution
FULL_HTML	whisky
NO_GRAPH_CONTENT	releases
FULL_HTML	partner-chains-smart-contracts
FULL_HTML	midnight-node-cli
FULL_HTML	compact-tree-sitter
FULL_HTML	parity-db
NO_GRAPH_CONTENT	compact-playground
NO_GRAPH_CONTENT	learn-compact
AGGREGATED_HTML	partner-chains
FULL_HTML	compact-zed
FULL_HTML	cquisitor-lib
FULL_HTML	rust-yamux
FULL_HTML	midnight-trusted-setup
FULL_HTML	rs-merkle
NO_GRAPH_CONTENT	lfdt-project-proposals
FULL_HTML	halo2
